"","continent","location","lat","long","total_cases","total_deaths","case_fatality_rate","total_tests","positive_rate","hospital_beds_per_thousand","num_physicians_per_thousand","handwashing_facilities","gdp_per_capita","current_health_exp","govt_health_exp","population","population_density","pop_young","pop_working","pop_old","extreme_poverty","human_development_index","annual_intl_arrivals_thousands","total_cases_log","total_deaths_log","total_tests_log","gdp_per_capita_log","population_log","population_density_log","annual_intl_arrivals_thou_log","deaths_per_test","deaths_per_population"
"1","Asia","Afghanistan",33.93911,67.709953,56290,2469,0.0438621424764612,2251884,0.186,0.5,2.78,37.746,1803.987,11.7772,2.3191,38928341,54.422,42.47227139,54.9119344,2.615794214,6.4,0.511,1035,10.9382721784581,7.81156848934518,14.627277757146,7.49775449438818,17.4772331037287,3.99676848387421,6.94215670569947,0.00109641526828203,6.34242286358928e-05
"2","Europe","Albania",41.1533,20.1683,123641,2204,0.0178258021206558,517102,0.173,2.89,12.16,86.979,11803.431,8.0956,14.6789,2877800,104.871,17.3995641,68.39780528,14.20263062,1.1,0.795,5340,11.7251374842108,7.6980291702728,13.1559954261007,9.37614553090233,14.8725366713115,4.65273102341637,8.58298093195424,0.00426221519158696,0.000765862811870179
"3","Africa","Algeria",28.0339,1.6596,116750,3077,0.026355460385439,979476,0.093,1.9,17.19,83.741,13913.839,6.3743,10.7341,43851043,17.348,30.55037861,62.89684351,6.552777882,0.5,0.748,2657,11.6677901755311,8.03171037532204,13.7947730137695,9.54063923533715,17.5963090621324,2.85347722597312,7.88495294575981,0.00314147564616183,7.016936860544e-05
"4","Europe","Andorra",42.5063,1.5218,11809,115,0.00973833516809213,162071,0.094,4.51,33.33,86.979,31400.84,10.3206,14.0176,77265,163.755,15.13545128,64.70613601,20.15841271,0.5,0.868,3042,9.37661723160128,4.74493212836325,11.9957897898065,10.3545899231309,11.2549963506678,5.09837140840034,8.02027047281924,0.000709565560772748,0.0014883841325309
"5","Africa","Angola",-11.2027,17.8739,22031,533,0.0241931823339839,979476,0.043,1.1,2.15,26.664,5819.495,2.7915,5.4284,32866268,23.89,46.62202503,51.17863322,2.19934175,23.8,0.581,218,10.0002058314126,6.27852142416584,13.7947730137695,8.66896876720132,17.3079574010137,3.17345996133772,5.38449506278909,0.000544168514593517,1.62172352516568e-05
"6","North America","Anguilla",18.2206,-63.0686,2254,56,0.0124223602484472,186726,0.04,2.397,33.33,85.198,13593.877,6.1364,8.9967,15002,281.787,23.5312194,66.71857852,9.677419355,2.2,0.759,395,7.72046169459972,4.02535169073515,12.1373975806802,9.51737474975619,9.61593880452958,5.64115146639195,5.97888576490112,0.000299904673157461,0.00373283562191708
"7","North America","Antigua and Barbuda",17.0608,-61.7964,1122,28,0.0249554367201426,649297,0.089,3.8,29.56,87.202,21490.943,4.5335,9.4786,97928,231.845,21.95473548,68.99030046,9.054964064,2.2,0.778,269,7.02286808608264,3.3322045101752,13.3836455181255,9.97538686954864,11.4919877937553,5.44606904493747,5.59471137960184,4.31235628687642e-05,0.000285924352585573
"8","South America","Argentina",-38.4161,-63.6167,2301389,55368,0.024058514227712,7106703,0.218,5,39.9,67.779,18933.907,9.1243,16.0513,45195777,16.177,24.59552588,64.16136585,11.24310827,0.6,0.845,6942,14.6490234116608,10.9217570885217,15.7765489811511,9.84870961487789,17.6265142112341,2.78359048034756,8.84534519642173,0.00779095453967895,0.00122507020954635
"9","Asia","Armenia",40.0691,45.0382,189540,3450,0.0182019626464071,822634,0.186,4.2,44.02,94.043,8787.58,10.3627,5.2735,2963234,102.931,20.76595201,67.75038027,11.48366772,1.8,0.776,1652,12.1523553630242,8.14612951002541,13.6202666662851,9.08109463991816,14.9017917974502,4.6340588608318,7.40974195408092,0.00419384562271922,0.0011642684985391
"10","Oceania","Australia",-25,133,29259,909,0.0310673638880345,15334583,0,3.84,36.78,82.502,44648.71,9.2059,17.7973,25499881,3.202,19.27544671,64.80335154,15.92120175,0.5,0.944,9246,10.2839424976401,6.81234509417748,16.5456211624643,10.7065806945099,17.0541843434511,1.16377561457452,9.13194630454817,5.92777775567813e-05,3.56472251772469e-05
"11","Europe","Austria",47.5162,14.5501,533786,9231,0.0172934471867003,21147134,0.038,7.37,51.7,97.164,45436.686,10.3966,15.3054,9006400,106.749,14.36185763,66.56253608,19.07560629,0.7,0.922,30816,13.1877502885573,9.13032266399015,16.8670149460003,10.7240751193974,16.0134459936919,4.67048028438336,10.3357893145979,0.000436513051839554,0.00102493782199325
"12","Asia","Azerbaijan",40.1431,47.5769,254370,3464,0.0136179580925424,3112999,0.03,4.7,34.46,83.241,15847.419,6.6518,2.8143,10139175,119.309,23.44191985,70.11169103,6.44638912,0.7,0.756,2633,12.4465451789662,8.15017926968233,14.9510971281902,9.67076192692898,16.1319171918706,4.78171676632547,7.87587915949631,0.0011127533288639,0.000341645153575118
"13","North America","Bahamas",25.025885,-78.035889,8935,188,0.0210408505875769,1284835,0.054,2.9,20.07,87.202,27717.847,5.7589,11.2508,393248,39.497,21.0786358,68.62061129,9.880435323,1.6,0.814,1633,9.09773142759353,5.23644196282995,14.0661408633976,10.2298317807347,12.8821957350843,3.67622471965569,7.39817409297047,0.000146322290410831,0.000478069818536903
"14","Asia","Bahrain",26.0275,50.55,140818,513,0.00364300018463549,3483259,0.048,2,9.26,95.803,43290.705,4.7481,8.4938,1701583,1935.907,18.71869615,78.76249412,2.518809729,0.2,0.852,12045,11.8552235554442,6.24027584517077,15.0634789077664,10.6756932258197,14.3470695522212,7.56833122949262,9.39640491504897,0.000147275870097515,0.000301483971102203
"15","Asia","Bangladesh",23.685,90.3563,591806,8869,0.0149863299797569,4511802,0.118,0.8,5.81,34.808,3523.984,2.2742,2.9945,164689383,1265.036,27.21436538,67.60528327,5.180351348,14.8,0.632,1026,13.2909341574572,9.09031732937645,15.3222071882184,8.16734744675064,18.9195717304107,7.14285585925471,6.93342302573071,0.00196573342535865,5.38528946944928e-05
"16","North America","Barbados",13.1939,-59.5432,3609,41,0.0113604876697146,802126,0.09,5.8,24.84,88.469,16978.068,6.7791,9.0803,287371,664.463,17.05043115,66.71857852,16.23099033,2.2,0.814,680,8.19118600464279,3.71357206670431,13.5950209817405,9.73967767247307,12.5685293428734,6.49897919563993,6.52209279817015,5.11141641088807e-05,0.000142672712277857
"17","Europe","Belarus",53.7098,27.9534,317631,2211,0.00696090746809978,5272490,0.075,11,51.91,86.979,17167.967,5.9258,10.6191,9449321,46.858,17.03632015,67.7628385,15.20084135,1,0.823,11502,12.6686456106448,7.70120018085745,15.4780132946998,9.75080054268783,16.0614534450366,3.84712175184445,9.3502762122737,0.000419346456797452,0.000233985066228568
"18","Europe","Belgium",50.8333,4.469936,866063,22870,0.0264068549285676,10770769,0.077,5.64,30.71,97.164,42658.576,10.3387,15.3139,11589616,375.564,17.05820304,63.93523089,19.00656607,0.2,0.931,9119,13.6717129331664,10.0375812870168,16.1923464486263,10.6609836112526,16.2656200827567,5.92842889609516,9.11811542793366,0.00212333956841893,0.00197331818414001
"19","North America","Belize",17.1899,-88.4976,12415,317,0.0255336286749899,802126,0.132,1.3,11.23,90.083,7824.362,5.6428,10.991,397621,16.426,29.70439576,65.42821497,4.86738926,3.2,0.716,489,9.42666069794227,5.75890177387728,13.5950209817405,8.96499747853799,12.8932545692712,2.798865445318,6.19236248947487,0.000395199756646711,0.00079724159438259
"20","Africa","Benin",9.3077,2.3158,7100,90,0.0126760563380282,267671,0.078,0.5,0.79,11.035,2064.236,3.7186,4.5752,12123198,99.11,42.20551877,54.52959631,3.264884925,49.6,0.545,295,8.86785006302941,4.49980967033027,12.4975138934199,7.63251546115028,16.3106313651863,4.59623034441862,5.68697535633982,0.000336233659978107,7.42378372439351e-06
"21","North America","Bermuda",32.3078,-64.7505,7954,188,0.0210408505875769,2091666,0.054,2.9,26.76,87.202,50669.315,5.7589,11.2112,62273,1308.82,20.26118068,66.71857852,11.11820802,1.3,0.796,375,8.98143022576764,5.23644196282995,14.5534714355889,10.8330757795311,11.0392832239984,7.17688124690532,5.92692602597041,8.98805067348229e-05,0.00301896488044578
"22","Asia","Bhutan",27.5142,90.4336,871,1,0.00114810562571757,584052,0,1.7,4.24,79.807,8708.597,3.187,7.9006,771612,21.188,25.34019489,68.56683074,6.092974373,1.5,0.654,274,6.7696419768525,0,13.2777452989423,9.07206597765261,13.5562371119923,3.05343498368228,5.61312810638807,1.71217631306801e-06,1.29598813911655e-06
"23","South America","Bolivia",-16.2902,-63.5887,269302,12165,0.0451723344052402,864692,0.119,1.1,13.05,25.383,6885.829,6.2298,11.7768,11673029,10.202,30.62526166,62.0361067,7.338631646,7.1,0.718,1181,12.5035887054338,9.40631825521762,13.6701286531421,8.83722081059564,16.2727915249973,2.32258377950073,7.07411681619736,0.0140685932100679,0.00104214595885952
"24","Europe","Bosnia and Herzegovina",43.9159,17.6791,162032,6220,0.0383874790164906,764199,0.33,3.5,21.62,97.164,11713.895,8.9317,15.4748,3280815,68.496,14.69375947,68.10508937,17.20115117,0.2,0.78,1053,11.9955491255721,8.73552518573323,13.5465835054361,9.36853102297629,15.0036024251051,4.22677534940259,6.95939851213398,0.00813924121858312,0.00189587038586449
"25","Africa","Botswana",-22.3285,24.6849,38466,506,0.0131544740810066,1218744,0.043,1.8,5.27,44.6,15807.374,6.1346,14.3155,2351625,4.044,33.76498732,61.86911734,4.365895341,2,0.735,1623,10.5575300132153,6.22653666928747,14.0133313782052,9.66823181900111,14.6706171365134,1.39723430115822,7.39203156751459,0.000415181531150102,0.00021517036092064
"26","South America","Brazil",-14.235,-51.9253,12490362,310550,0.0248631704989815,4395068,0.218,2.2,21.64,67.779,14103.452,9.4675,10.2553,212559409,25.04,21.00919373,69.73919823,9.251608036,3.4,0.765,6621,16.3404678648683,12.6461001979874,15.2959935611091,9.55417486909711,19.1747320790205,3.2204745462319,8.79800169492485,0.0706587474869558,0.00146100330943242
"27","Asia","Brunei",4.5353,114.7277,206,3,0.0145631067961165,14778889,0.015,2.7,25.28,94.576,71809.251,4.7481,8.4938,437483,81.347,21.56983829,75.66632272,2.518809729,0.2,0.838,12045,5.32787616878958,1.09861228866811,16.5087103015115,11.1817685907478,12.988793126882,4.39872395529605,9.39640491504897,2.02992254695194e-07,6.8574093164763e-06
"28","Europe","Bulgaria",42.7339,25.4858,327770,12650,0.0385941361320438,2023997,0.232,7.454,40.33,86.979,18563.307,8.0956,11.986,6948445,65.18,14.68537892,64.06165381,21.25296727,1.5,0.816,9273,12.7000674218847,9.44541249415567,14.520584827175,9.82894216934753,15.7540284515,4.17715267340942,9.13486223080023,0.00625000926384772,0.00182055121685499
"29","Africa","Burkina Faso",12.2383,-1.5616,12673,145,0.011441647597254,423635,0.078,0.4,0.85,11.877,1703.102,6.9151,9.9915,20903278,70.151,44.67782155,52.91489091,2.407287537,43.7,0.452,144,9.44722902508206,4.97673374242057,12.9566275144142,7.44020657317327,16.8554165467419,4.25065006161436,4.969813299576,0.000342275779857661,6.93671107469364e-06
"30","Africa","Burundi",-3.3731,29.9189,2657,6,0.00225818592397441,267671,0.078,0.8,1,6.144,702.225,7.5176,8.5214,11890781,423.062,45.40064767,52.28725702,2.312095315,71.7,0.433,299,7.88495294575981,1.79175946922805,12.4975138934199,6.55425386549306,16.2912739519597,6.04751874040966,5.70044357339069,2.24155773318738e-05,5.04592591521112e-07
"31","Asia","Cambodia",11.55,104.9167,2147,8,0.00372612948299953,2145944,0.186,0.8,1.93,66.229,3645.07,5.9188,6.0787,16718971,90.672,31.09919594,64.18303487,4.717769196,15,0.594,6201,7.67182679787878,2.07944154167984,14.5790901067717,8.20113084864793,16.6320546206648,4.50724859942726,8.73246584834988,3.72796307825367e-06,4.78498347775111e-07
"32","Africa","Cameroon",3.848,11.5021,47669,721,0.0151251337347123,497211,0.093,1.3,2.3105,2.735,3364.926,4.6707,3.1372,26545864,50.885,42.36213102,54.91421907,2.723649908,23.8,0.563,1081,10.7720365704248,6.58063913728495,13.1167697622678,8.12116125075232,17.0943845119728,3.9295681846439,6.98564181763921,0.00145008859417833,2.71605399620822e-05
"33","North America","Canada",60,-95,965882,22830,0.0236364276381587,26977663,0.039,2.5,23.11,87.847,44017.591,10.5728,19.3279,37742157,4.037,15.84589974,66.50620337,17.64789689,0.5,0.929,21134,13.7807969525242,10.0358307395238,17.1105197852739,10.692344628458,17.4462882504845,1.3955018418708,9.95863839700098,0.000846255659728569,0.00060489388563563
"34","Africa","Cape Verde",16.5388,-23.0418,17018,165,0.00969561640615819,979476,0.043,2.1,1.87,26.664,6222.554,4.4032,6.0656,555988,135.58,39.88891432,56.95484186,3.156243813,32.3,0.665,156,9.7420268864095,5.10594547390058,13.7947730137695,8.7359357123881,13.228501990266,4.90956187200282,5.04985600724954,0.000168457420089926,0.000296768995014281
"35","North America","Cayman Islands",19.3133,-81.2546,7954,188,0.0210408505875769,2091666,0.054,2.9,26.76,87.202,49903.029,5.7589,11.2112,65720,256.496,20.26118068,66.50620337,11.11820802,1.3,0.796,375,8.98143022576764,5.23644196282995,14.5534714355889,10.8178369813002,11.0931585721512,5.54711306994732,5.92692602597041,8.98805067348229e-05,0.00286062081558125
"36","Africa","Central African Republic",6.6111,20.9394,5088,64,0.0125786163522013,267671,0.105,1,0.72,16.603,661.24,5.8218,5.0349,4829764,7.479,43.92001576,53.26519409,2.81479015,49.2,0.397,107,8.53464010501996,4.15888308335967,12.4975138934199,6.49411686018481,15.3903081631514,2.01209909320953,4.67282883446191,0.000239099491539988,1.32511650672787e-05
"37","Africa","Chad",15.4542,18.7322,4501,160,0.0355476560764275,267671,0.078,0.4,0.43,5.818,1768.153,4.4873,4.6784,16425859,11.833,46.82094474,50.68741364,2.491641623,38.4,0.398,87,8.41205487329293,5.07517381523383,12.4975138934199,7.47769077791489,16.6143674192932,2.47089223840242,4.46590811865458,0.000597748728849969,9.74073867308857e-06
"38","South America","Chile",-35.6751,-71.543,969913,22653,0.0233557030372827,10810199,0.095,2.11,25.91,67.779,22767.037,8.9835,17.7318,19116209,24.282,19.49427286,68.62418701,11.88154013,1.3,0.851,5723,13.7849616557355,10.0280475724715,16.1960005983266,10.0330690232299,16.7660471718701,3.18973533512178,8.6522484224091,0.00209552109077733,0.00118501529251956
"39","Asia","China",35.8617,104.19545,101663,4841,0.0476181108171114,8229683,0.092,4.34,19.8,64.204,15308.712,5.1512,9.0721,1439323774,147.674,17.80450834,70.72329863,11.47219302,0.7,0.761,62900,11.5294187006973,8.4848765899397,15.923258054293,9.63617735709187,21.0874392388482,4.99500714154349,11.0493014426885,0.000588236509231279,3.36338500582566e-06
"40","South America","Colombia",4.5709,-74.2973,2375591,62790,0.0264313175121475,12401610,0.16,1.71,21.85,65.386,13254.949,7.2263,17.4857,50882884,44.223,22.62078466,68.61338533,8.765830007,4.5,0.767,3904,14.6807568066001,11.0475511041082,16.3333368608566,9.49212627111105,17.7450371577797,3.78924501573325,8.26975694753298,0.00506305229724205,0.00123401024202952
"41","Africa","Comoros",-11.6455,43.3333,3690,146,0.0395663956639566,267671,0.078,2.2,2.72,15.574,1413.89,7.3844,3.365,869595,437.352,39.28587378,57.65872279,3.055403427,18.1,0.554,36,8.21338173703457,4.98360662170834,12.4975138934199,7.25410004993681,13.6757828650026,6.08073836285186,3.58351893845611,0.000545445715075597,0.00016789424962195
"42","Africa","Congo",-0.228,15.8277,9681,135,0.0139448404090487,497211,0.073,2,1.65,47.964,4881.406,2.9303,3.3985,5518092,15.405,39.88891432,56.95484186,3.156243813,37,0.574,156,9.17792048072007,4.90527477843843,13.1167697622678,8.49318857210421,15.5235427063279,2.73469213204863,5.04985600724954,0.000271514507925207,2.44649781119996e-05
"43","North America","Costa Rica",9.7489,-83.7534,215178,2931,0.0136212809859744,649297,0.089,1.13,28.94,83.841,15524.995,7.3288,26.9071,5094114,96.079,21.0786358,69.04092888,9.880435323,1.3,0.81,3017,12.2792208715606,7.98309894071089,13.3836455181255,9.65020658474044,15.4435963135409,4.56517076972423,8.01201823915906,0.00451411295601243,0.000575369926939209
"44","Africa","Cote d'Ivoire",7.54,-5.5471,42861,232,0.00541284617717739,497211,0.135,0.9,1.87,19.351,3601.006,4.4032,6.0656,26378275,76.399,41.71470319,55.41217747,2.873119343,28.2,0.538,1072,10.6657176005333,5.44673737166631,13.1167697622678,8.18896852985132,17.0880513126681,4.33596960708158,6.97728134163075,0.000466602709915911,8.79511643577906e-06
"45","Europe","Croatia",45.1,15.2,265901,5872,0.0220834069822979,1503437,0.158,5.54,30,97.164,22669.797,6.7891,12.4076,4105268,73.726,14.56222109,64.57764368,20.86013523,0.7,0.851,16645,12.4908793380364,8.67795057029435,14.2232643783047,10.028788788896,15.2277815849739,4.30035551852932,9.71986515000913,0.00390571736627474,0.00143035728727089
"46","North America","Cuba",21.521757,-77.781167,71584,414,0.00578341528833259,2843469,0.04,5.2,84.22,85.198,7423.808,11.7113,15.875,11326616,110.408,16.04234991,68.39269093,15.56495916,8.7,0.783,4684,11.1786268642899,6.02586597382531,14.8605353436122,8.91244741206264,16.2426659123104,4.70418259498574,8.45190772471761,0.000145596804466657,3.65510758023403e-05
"47","Europe","Cyprus",35.1264,33.4299,44305,250,0.00564270398374901,3342269,0.008,3.4,19.51,97.164,32415.132,6.6846,7.5817,875899,127.657,16.70708967,69.24464468,14.04826565,0.7,0.887,3939,10.6988528164814,5.52146091786225,15.0221604756224,10.3863806297896,13.6830060664677,4.84934697963012,8.27868216297091,7.47994850205055e-05,0.000285421035987026
"48","Europe","Czechia",49.8175,15.473,1511021,25778,0.0170599879154558,2500123,0.052,6.63,41.21,97.164,32605.906,7.2313,15.1796,10708982,137.176,15.13545128,64.70807551,19.99180778,0.7,0.9,10611,14.228296139239,10.1572766939647,14.7318504886281,10.3922487165905,16.1865933865524,4.92126477287655,9.26964647787359,0.0103106927139185,0.00240713823218678
"49","Africa","Democratic Republic of Congo",-4.0383,21.7587,27887,734,0.026320507763474,471022,0.23,0.7,0.84,4.472,808.133,4.9412,5.1353,89561404,35.879,43.84380657,53.53565232,2.620541103,77.1,0.48,1364,10.2359159094003,6.59850902861452,13.0626600810372,6.69472664893575,18.3104350262133,3.58015216612216,7.21817683840341,0.00155831362441669,8.19549456817359e-06
"50","Europe","Denmark",56.2639,9.5018,227741,2414,0.0105997602539727,20588227,0.005,2.5,40.1,97.164,46682.515,10.1083,16.6023,5792203,136.52,16.40095872,63.63378215,19.96525913,0.2,0.94,12749,12.3359642973271,7.78904040165748,16.8402299655343,10.7511249624127,15.5720232607761,4.91647112403851,9.45320811613812,0.000117251475807023,0.000416767160957584
"51","Africa","Djibouti",11.8251,42.5903,7249,66,0.00910470409711684,267671,0.073,1.4,2.24,15.95,2705.406,3.3165,4.0695,988002,41.285,29.20497966,66.1859567,4.609063643,22.5,0.524,63,8.88861880730088,4.18965474202643,12.4975138934199,7.90300727243928,13.8034400010195,3.72049923786939,4.14313472639153,0.000246571350650612,6.68014842075218e-05
"52","North America","Dominica",15.415,-61.371,161,566,0.0255336286749899,802126,0.132,3.8,11.19,87.202,9673.367,5.8769,7.2704,71991,98.567,26.85844526,65.42821497,8.469582569,3.2,0.742,63,5.08140436498446,6.33859407820318,13.5950209817405,9.17713171812239,11.184296390185,4.59073651999049,4.14313472639153,0.00070562480208845,0.00786209387284522
"53","North America","Dominican Republic",18.7357,-70.1627,251582,3302,0.0131249453458515,1284835,0.137,1.6,15.27,55.182,14600.861,6.1364,15.5982,10847904,222.873,27.7086939,64.99291644,7.298389658,1.6,0.756,6569,12.4355242591188,8.10228362448007,14.0661408633976,9.58883577856035,16.1994824395656,5.40660210250311,8.79011689289247,0.00256997980285406,0.000304390599326838
"54","South America","Ecuador",-1.8312,-78.1834,322699,16679,0.0516859364299239,1063430,0.336,1.5,20.37,80.635,10581.936,8.2574,11.9228,17643060,66.939,27.70696817,64.92083246,7.372199367,3.6,0.759,2535,12.6844752791818,9.72190572207717,13.8770100910518,9.26690367543974,16.6858530628866,4.20378175692048,7.83794891602528,0.0156841541051127,0.00094535755135447
"55","Africa","Egypt",26.820553,30.802498,199364,11845,0.0594139363174896,2279472,0.124,1.6,4.52,89.827,10550.206,5.2876,5.4199,102334403,97.999,28.96832505,65.61641934,6.552777882,1.3,0.707,11196,12.2028875785854,9.37966111659289,14.6394543951647,9.26390066477993,18.4437564695975,4.58495727453688,9.32331185063534,0.00519637881053156,0.000115747975780931
"56","North America","El Salvador",13.7942,-88.8965,63766,1998,0.0313333124235486,802126,0.09,1.3,15.66,90.65,7292.458,7.2276,19.2442,6486201,307.811,26.85844526,64.67197217,8.469582569,2.2,0.673,1677,11.0629754119225,7.5999019592085,13.5950209817405,8.8945959423835,15.6851875551935,5.72948595825809,7.42476176182321,0.00249088048511082,0.000308038557547014
"57","Africa","Equatorial Guinea",1.6508,10.2679,6902,102,0.0147783251231527,1218744,0.043,2.1,4.02,24.64,22604.873,3.1071,2.9434,1402985,45.194,36.95679749,60.6186937,2.424508808,1.1,0.592,1623,8.83956650365795,4.62497281328427,14.0133313782052,10.0259207814869,14.1541126676518,3.81096433466417,7.39203156751459,8.36927197180048e-05,7.27021315267091e-05
"58","Africa","Eritrea",15.1794,39.7823,3208,9,0.00280548628428928,267671,0.105,0.7,0.63,7.876,1510.459,2.87,2.6767,3546427,44.304,40.9983537,55.96138757,2.947736623,49.2,0.459,142,8.07340296898641,2.19722457733622,12.4975138934199,7.32016885712832,15.0814511757384,3.79107496642861,4.95582705760126,3.36233659978107e-05,2.5377654749414e-06
"59","Europe","Estonia",58.5953,25.0136,102738,860,0.00837080729622924,1116763,0.208,4.69,44.83,89.443,29481.252,6.4294,12.2249,1326539,31.033,16.46326928,63.54492294,19.99180778,0.5,0.892,3234,11.539937337217,6.75693238924755,13.9259448800689,10.2915098148723,14.0980838528062,3.43505115441866,8.08147504013705,0.000770082819720926,0.000648303593034204
"60","Africa","Eswatini",-26.5225,31.4659,17318,666,0.0384570966624322,497211,0.043,2.1,3.29,24.097,7738.975,6.9304,10.0202,1160164,79.492,37.83143024,58.1537805,4.014789266,6,0.611,1499,9.75950170200775,6.50128967054039,13.1167697622678,8.95402452887372,13.9640719323998,4.37565638766604,7.3125534981026,0.00133947157243102,0.00057405677128406
"61","Africa","Ethiopia",9.145,40.4897,198794,2784,0.0140044468142902,2279472,0.23,0.3,0.77,7.96,1729.927,3.5026,4.7883,114963583,104.957,40.33644118,56.14686837,3.516690455,26.7,0.485,849,12.2000243916626,7.93164402145431,14.6394543951647,7.45583449006973,18.5601259666119,4.65355074247022,6.74405918631135,0.00122133546716082,2.42163642377082e-05
"62","Europe","Faeroe Islands",61.8926,-6.9118,10838,115,0.0124223602484472,2843469,0.036,4.51,33.33,86.979,29481.252,6.7425,13.2689,48865,35.308,15.13545128,64.70613601,20.15841271,0.5,0.882,3042,9.29081375612606,4.74493212836325,14.8605353436122,10.2915098148723,10.7968166727729,3.56410956715799,8.02027047281924,4.04435567962935e-05,0.0023534226951806
"63","Oceania","Fiji",-17.7134,178.065,67,2,0.0298507462686567,36597,0,2.3,8.6,79.807,8702.975,3.5007,7.1619,896444,49.562,29.2936818,65.0820886,5.624229594,1.4,0.743,870,4.20469261939097,0.693147180559945,10.5077215488168,9.07142020021271,13.7061911049341,3.9032244110718,6.76849321164863,5.46492881930213e-05,2.23103729848156e-06
"64","Europe","Finland",61.92411,25.748151,75545,817,0.0108147461777748,3843816,0.038,3.28,38.12,97.164,40585.721,9.2069,13.0394,5540718,18.136,16.01634155,61.84301383,22.14064462,0.2,0.938,3224,11.2324837841739,6.70563909486,15.1619761811213,10.6111715842217,15.5276346532138,2.89789891320523,8.07837810362652,0.000212549195903238,0.000147453813747605
"65","Europe","France",46.2276,2.2137,4569164,94623,0.0207090399906854,48108527,0.08,5.98,32.67,97.164,38605.671,11.3129,15.4681,68147687,122.578,17.80215787,61.80647185,20.39137028,0.7,0.901,89322,15.33484081397,11.457655854453,17.6889699958716,10.5611544617601,18.0371877756923,4.80874756204913,11.4000030971051,0.00196686545817543,0.00138849906967495
"66","Africa","Gabon",-0.8037,11.6094,18777,111,0.00591148745806039,1218744,0.043,6.3,6.82,44.6,16562.413,2.7807,9.7151,2225728,7.859,37.1795456,59.27572714,3.544727257,3.4,0.703,1623,9.84038799559281,4.70953020131233,14.0133313782052,9.71489112988459,14.6155946110784,2.06165937188404,7.39203156751459,9.10773714578287e-05,4.98713230008339e-05
"67","Africa","Gambia",13.4432,-15.3101,5365,163,0.0303821062441752,52362,0.107,1.1,1.02,7.876,1561.767,3.2821,3.0606,2416664,207.566,40.9983537,56.11429871,2.947736623,10.1,0.496,552,8.5876516550648,5.09375020080676,10.8659364163914,7.35357315153934,14.6978986347139,5.33544936138564,6.31354804627709,0.0031129445017379,6.74483502878348e-05
"68","Asia","Georgia",42.3154,43.3569,279936,3746,0.013381630086877,2145944,0.03,2.6,71.2,71.18,9745.079,7.6017,9.519,3989175,65.032,20.03142542,64.90751896,15.06105563,4.2,0.812,4757,12.5423162845964,8.22844388300403,14.5790901067717,9.1845177186302,15.1990950005695,4.17487945644427,8.46737249643228,0.00174561871139228,0.000939041280465259
"69","Europe","Germany",51.165691,10.451526,2782925,75915,0.0272788522867127,48910097,0.079,8,42.49,97.164,45229.245,11.2468,19.8808,83783945,237.016,13.79948848,64.6375192,21.56299232,0.2,0.947,38881,14.8390130908096,11.2373695723163,17.7054944157481,10.7194991698718,18.243751959985,5.46812764940492,10.5682609784082,0.00155213349914231,0.000906080514590236
"70","Africa","Ghana",7.9465,-1.0232,90287,740,0.00819608581523364,979476,0.093,0.9,1.36,41.047,4227.63,3.2624,6.0656,31072945,126.719,37.36487213,59.53780569,3.097322178,12,0.611,897,11.4107487644786,6.60665018619822,13.7947730137695,8.34939683133482,17.2518480628445,4.84197203662084,6.7990558620588,0.000755506005251788,2.38149296759609e-05
"71","Europe","Gibraltar",36.1408,-5.3536,10838,115,0.0124223602484472,2843469,0.036,4.51,33.33,86.979,48472.545,10.1083,15.7394,33691,3457.1,16.40095872,64.51118404,19.60531972,0.2,0.944,12749,9.29081375612606,4.74493212836325,14.8605353436122,10.7887528341662,10.4249860183584,8.14818536631841,9.45320811613812,4.04435567962935e-05,0.00341337449170402
"72","Europe","Greece",39.0742,21.8243,252590,7826,0.0309830159547092,6307247,0.057,4.21,54.79,97.164,24574.382,8.0414,10.2267,10423056,83.479,13.89659859,64.16193128,21.94147013,1.5,0.888,30123,12.439522899833,8.96520680277036,15.6572098477139,10.1094597971915,16.1595308334404,4.42459510322015,10.3130442785475,0.00124079491416778,0.000750835455551616
"73","North America","Grenada",12.1165,-61.679,155,1,0.00645161290322581,802126,0.132,3.7,14.07,83.841,13593.877,4.7571,8.9967,112519,317.132,23.71722186,66.60535879,9.677419355,2.2,0.779,185,5.04342511691925,0,13.5950209817405,9.51737474975619,11.6308773752554,5.75931809099077,5.22035582507832,1.24668692948489e-06,8.88738790782001e-06
"74","North America","Guatemala",15.7835,-90.2308,193050,6794,0.0351929551929552,1029304,0.132,0.6,3.55,76.665,7423.808,5.8138,17.2122,17915567,157.834,33.85933214,61.21168353,4.928984331,8.7,0.663,1781,12.1707045016924,8.82379514872053,13.8443934036433,8.91244741206264,16.7011805576761,5.06154384781394,7.48493028328966,0.00660057670037229,0.000379223275489969
"75","Africa","Guinea",9.9456,-9.6966,19501,116,0.00594841290190247,267671,0.105,0.3,0.83,17.45,1998.926,4.1231,4.1134,13132792,51.755,43.44998914,53.60810527,2.94190559,35.3,0.477,99,9.87822102528824,4.75359019110636,12.4975138934199,7.60036531530594,16.3906228664764,3.94652104583571,4.59511985013459,0.000433367828416227,8.83285138453423e-06
"76","Africa","Guinea-Bissau",11.8037,-15.1804,3630,61,0.0168044077134986,267671,0.105,0.8,1.27,6.403,1548.675,7.2359,3.0088,1967998,66.191,42.15366371,54.98307584,2.863260455,67.1,0.48,45,8.1969879272589,4.11087386417331,12.4975138934199,7.34515500562065,14.4925273403337,4.19254450203907,3.80666248977032,0.000227891702874051,3.09959664593155e-05
"77","South America","Guyana",4.860416,-58.93018,10072,225,0.0223391580619539,1063430,0.211,1.6,8.02,77.159,7435.047,4.9455,8.5423,786559,3.952,27.92993053,65.35848517,6.711584305,3.6,0.682,287,9.21751457572418,5.41610040220442,13.8770100910518,8.91396018032686,13.5754230145601,1.37422177988562,5.65948221575962,0.000211579511580452,0.000286056100050982
"78","North America","Haiti",18.9712,-72.2852,12736,251,0.0197079145728643,802126,0.132,0.7,2.34,22.863,1653.173,8.0355,5.239,11402533,398.448,32.8585874,62.07774305,5.063669546,23.5,0.51,447,9.45218790808416,5.52545293913178,13.5950209817405,7.41045175054195,16.249346081666,5.98757700038079,6.10255859461357,0.000312918419300708,2.20126528026711e-05
"79","North America","Honduras",15.2,-86.2419,187015,4557,0.0243670293826698,802126,0.132,0.7,3.09,84.169,4541.795,7.8584,11.7122,9904608,82.805,31.15942483,64.01238565,4.828189524,16,0.634,851,12.1389441065235,8.42441979126388,13.5950209817405,8.42107758734485,16.1085106613599,4.41648844604145,6.74641212857337,0.00568115233766266,0.000460088879842594
"80","Asia","Hong Kong",22.3,114.2,227178,1279,0.00364300018463549,8307697,0.009,2,25.28,95.803,56054.92,4.7481,8.9203,7496988,7039.714,18.71869615,75.66632272,2.763838983,0.2,0.949,14673,12.3334891301548,7.15383380157884,15.9326929924416,10.9340872034169,15.8300118978437,8.85932282332687,9.59376434920747,0.00015395361674842,0.000170601847035103
"81","Europe","Hungary",47.1625,19.5033,624779,19752,0.0316143788443594,3992774,0.267,7.02,34.08,97.164,26777.561,6.88,10.077,9660350,108.043,14.43321973,65.87232267,19.69445761,0.5,0.854,17552,13.3451532661873,9.89101003102502,15.1999967853952,10.1953195396681,16.0835404374164,4.68252929603243,9.77292318251501,0.00494693664104204,0.00204464641550254
"82","Europe","Iceland",64.9631,-19.0208,6163,29,0.00470550056790524,297181,0.007,2.91,40.78,97.164,46482.958,8.3263,15.7394,341250,3.404,19.64717091,65.16070802,15.19212107,0.2,0.949,2344,8.72631895096224,3.36729582998647,12.6020966597687,10.7468410297762,12.7403706254813,1.22495121071113,7.7596141506969,9.75836274862794e-05,8.4981684981685e-05
"83","Asia","India",20.593684,78.96288,11971624,161552,0.0134945768427074,238604638,0.046,0.53,8.57,59.55,6426.674,3.535,3.375,1380004385,450.419,26.61826465,67.00381119,6.377924156,21.2,0.645,17423,16.2980497408461,11.9925823512441,19.2903185058298,8.76821242057461,21.0453525136467,6.11017826066042,9.7655464514229,0.000677069822926074,0.000117066294684274
"84","Asia","Indonesia",-0.7893,113.9213,1492002,40364,0.0270535830380924,8229683,0.12,1.04,4.27,64.204,11188.744,2.9891,8.7285,273523621,145.725,26.21511948,67.73457784,6.050302682,5.7,0.718,15810,14.2156294002275,10.6056935775844,15.923258054293,9.32266355193207,19.4268985417277,4.98172128393161,9.66839793020352,0.0049046846640387,0.000147570435973425
"85","Asia","Iran",32.427908,53.688046,1846923,62308,0.0337361113592716,11844528,0.128,1.5,18.49,90.67,19082.62,4.1666,7.8694,83992953,49.831,24.29082287,66.9828933,7.652343941,0.2,0.783,8789,14.4290315690866,11.0398451074465,16.2873765467439,9.85653325213707,18.2462434604312,3.90863728032394,9.08125621856465,0.00526048821869474,0.000741824138508382
"86","Asia","Iraq",33.223191,43.679291,827157,14177,0.0171394306038636,7793654,0.143,1.4,7.08,94.576,15663.986,4.1666,4.9836,40222503,88.125,38.02092726,58.58053961,3.398533134,2.5,0.674,892,13.6257497987933,9.55937621211763,15.8688203707725,9.65911947100074,17.5099371730924,4.47875626113243,6.79346613258001,0.00181904405815295,0.000352464390393606
"87","Europe","Ireland",53.1424,-7.6921,233937,4653,0.0198899703766399,3896983,0.036,2.96,33.13,97.164,67335.293,7.1844,20.0431,4937796,69.874,21.15037496,64.62679429,14.22283075,0.2,0.955,10926,12.3628071273215,8.44526745184465,15.1757132219813,11.1174397912521,15.4124296357617,4.24669362010273,9.29890054895566,0.00119400058968695,0.000942323255152704
"88","Europe","Isle of Man",54.2361,-4.5481,10838,115,0.0124223602484472,2843469,0.036,4.51,33.33,86.979,11803.431,8.0956,12.8232,85032,147.872,16.39360314,68.10508937,15.38917207,1,0.795,1711,9.29081375612606,4.74493212836325,14.8605353436122,9.37614553090233,11.3507829352134,4.99634703468786,7.44483327389219,4.04435567962935e-05,0.00135243202559037
"89","Asia","Israel",31.046051,34.851612,831383,6165,0.0074153548966,14778889,0.015,2.99,46.25,94.576,33132.32,7.4075,11.9277,8655541,402.606,27.88557191,59.90575367,12.20867441,0.5,0.919,4121,13.6308458581536,8.72664341559844,16.5087103015115,10.4082645200079,15.9737102518602,5.9979584162243,8.32385113133882,0.000417149083398624,0.00071226050457158
"90","Europe","Italy",41.87194,12.56738,3512453,107636,0.0306441111098141,48108527,0.071,3.18,39.77,97.164,35220.084,8.8403,13.4217,60461828,205.859,13.16665751,63.82120584,23.01213665,2,0.892,61567,15.0718252117517,11.5865104432436,17.6889699958716,10.4693717670559,17.9175227817245,5.32719146841635,11.0278812916897,0.00223735804673463,0.0017802306605748
"91","North America","Jamaica",18.1096,-77.2975,37747,566,0.0149945691048295,270017,0.246,1.7,13.06,66.425,8193.571,5.9884,13.3156,2961161,266.879,23.5312194,67.54638893,8.922391673,3.2,0.734,2473,10.5386612813206,6.33859407820318,12.5062401989614,9.01110510135424,14.901091979128,5.58679537216096,7.81318726752142,0.00209616431558013,0.000191141244937374
"92","Asia","Japan",36.204824,138.252924,466563,9021,0.0193350094199497,8979084,0.03,13.05,24.12,94.576,39002.223,10.9359,23.6443,126476458,347.778,12.57303102,59.4249197,28.00204928,0.2,0.919,31192,13.0531483383829,9.10731047165664,16.0104084306212,10.5713739234873,18.6555667460458,5.85156434517541,10.3479169306624,0.00100466818218874,7.13255268423156e-05
"93","Europe","Jersey",23.7,12.4534,2254,56,0.0124223602484472,186726,0.04,2.397,33.33,85.198,48472.545,9.761,15.3043,101073,508.544,16.40095872,64.51118404,19.60531972,0.2,0.944,12749,7.72046169459972,4.02535169073515,12.1373975806802,10.7887528341662,11.5235983070265,6.23155174075208,9.45320811613812,0.000299904673157461,0.000554054989957753
"94","Asia","Jordan",31.24,36.51,582133,6472,0.0111177342634759,5664285,0.191,1.4,23.24,71.18,8337.49,8.1193,12.392,10203140,109.285,33.56224213,62.54434157,3.893416292,0.1,0.729,4150,13.2744542229431,8.77524045873833,15.5496912308864,9.02851749082286,16.1382060740178,4.69395914880215,8.33086361322474,0.0011425978742242,0.000634314534545248
"95","Asia","Kazakhstan",48.0196,66.9237,290792,3220,0.0110732069658037,8457728,0.038,6.7,39.8,98.999,24055.588,3.1254,7.8694,18776707,6.681,28.88124994,63.46640612,7.652343941,0.1,0.825,8789,12.5803635139467,8.07713663853845,15.9505911375946,10.0881225978173,16.7481276702566,1.89926767694334,9.08125621856465,0.000380716901749501,0.000171489068876667
"96","Africa","Kenya",-0.0236,37.9062,129330,2104,0.0162684605273332,924770,0.073,1.4,1.57,24.651,2993.028,4.8025,7.9821,53771300,87.324,39.19337426,58.38279903,2.42382671,36.8,0.601,1364,11.7701225564093,7.6515955738576,13.7373003369277,8.00404086297099,17.800250425544,4.46962533915295,7.21817683840341,0.00227516031013117,3.91286801695328e-05
"97","Europe","Kosovo",16.5388,9.537499,84172,1811,0.0215154683267595,764199,0.299,4.28,28.74,94.043,9795.834,6.9953,12.8232,1932774,168.155,15.88969107,68.39780528,14.20263062,0.6,0.78,1711,11.3406176033585,7.50163445788341,13.5465835054361,9.18971247223636,14.4744668346454,5.12488617309953,7.44483327389219,0.0023698015830955,0.000936995220341333
"98","Asia","Kuwait",29.31166,47.481766,227178,1279,0.00562994656172693,2005458,0.147,2,26.46,94.576,65530.537,5.2914,8.9203,4270563,232.128,21.56983829,75.66632272,2.763838983,0.2,0.806,8508,12.3334891301548,7.15383380157884,14.5113830215646,11.0902715267199,15.2672562266304,5.44728894366044,9.04876217632013,0.000637759554176652,0.000299492127852932
"99","Asia","Kyrgyzstan",41.20438,74.766098,87946,1495,0.0169990676096696,2145944,0.186,4.5,22.13,89.22,3393.474,6.1859,6.1876,6524191,32.333,31.09919594,64.18303487,4.595215725,1.4,0.697,423,11.3844782687449,7.30988148582479,14.5790901067717,8.12960945440826,15.691027518812,3.47608838050378,6.04737217904628,0.000696663100248655,0.000229147184685427
"100","Asia","Laos",19.85627,102.495496,49,1495,0.0111177342634759,2145944,0.186,1.5,23.24,49.839,6397.36,6.4144,7.9006,7275556,29.715,25.34019489,66.60697097,6.092974373,22.7,0.613,1652,3.89182029811063,7.30988148582479,14.5790901067717,8.76364068424624,15.8000307942183,3.39165196881862,7.40974195408092,0.000696663100248655,0.000205482577551461
"101","Europe","Latvia",56.8796,24.6032,100716,1872,0.0185869176694865,1763959,0.039,5.57,31.91,97.164,25063.846,5.9557,9.0019,1886202,31.212,16.30775621,63.35573279,20.336511,0.7,0.866,1946,11.5200599538708,7.53476265703754,14.3830712726484,10.1291816883425,14.4500758414243,3.44080263625451,7.57353126274595,0.0010612491560178,0.000992470583744477
"102","Asia","Lebanon",33.8547,35.8623,458338,6058,0.0132173199691058,2145944,0.03,2.9,21.04,94.043,13367.565,8.1955,13.5022,6825442,594.561,25.57221984,67.15448853,7.273291633,1.8,0.744,1964,13.035362182181,8.70913499158718,14.5790901067717,9.50058652935081,15.7361676588431,6.38782331810004,7.58273848891441,0.00282300004100759,0.000887561567441347
"103","Africa","Lesotho",-29.61,28.2336,10686,315,0.0294778214486244,267671,0.073,0.7,0.69,2.117,2851.153,8.7632,11.8211,2142252,73.562,32.46691711,62.60725706,4.925825825,59.6,0.527,1173,9.27668975251772,5.75257263882563,12.4975138934199,7.95547875285331,14.5773681701288,4.29812858805602,7.06731984865348,0.00117681780992338,0.000147041524526526
"104","Africa","Liberia",6.428055,-9.429499,2042,85,0.0416258570029383,214525,0.105,0.8,0.38,1.188,752.788,8.1553,4.2041,5057677,49.127,40.75291845,55.96138757,3.285693974,38.6,0.48,107,7.62168499872461,4.44265125649032,12.2761815606753,6.62378364765528,15.4364178449401,3.89440878182889,4.67282883446191,0.000396224216291807,1.68061345159052e-05
"105","Africa","Libya",26.3351,17.228331,156116,2602,0.0166670936995567,1218744,0.043,3.7,20.91,44.6,17881.509,3.5854,4.3341,6871287,3.623,28.06827699,67.47348414,4.458238878,2,0.724,1623,11.9583545996494,7.86403565907245,14.0133313782052,9.79152244113952,15.7428619828978,1.28730241191294,7.39203156751459,0.0021349848696691,0.000378677240522772
"106","Europe","Liechtenstein",47.14,9.55,2649,56,0.0211400528501321,2843469,0.036,2.397,33.33,86.979,32415.132,7.2313,13.6175,38137,237.012,15.13545128,64.70613601,20.15841271,0.7,0.919,85,7.88193748927207,4.02535169073515,14.8605353436122,10.3863806297896,10.5489402184834,5.46811077276472,4.44265125649032,1.96942537442821e-05,0.00146839027715866
"107","Europe","Lithuania",55.1694,23.8813,213447,3539,0.0165802283470838,2283127,0.064,6.56,63.53,97.164,29524.265,6.4576,12.7744,2722291,45.135,15.13545128,64.70613601,20.15841271,0.7,0.882,2825,12.2711438372736,8.17159948034546,14.6410565525236,10.2929677465982,14.8169843631657,3.80965799875012,7.94626364358054,0.0015500670790543,0.00130000797122718
"108","Europe","Luxembourg",49.8153,6.1296,60465,738,0.0122054080873232,2342279,0.023,4.51,30.09,97.164,94277.965,5.4811,10.7956,625976,231.447,15.70723484,70.01781628,14.27494888,0.2,0.916,1018,11.0098199642194,6.60394382460047,14.6666349449941,11.4540027721756,13.3470673106891,5.44435090563048,6.92559519711047,0.000315077751198726,0.00117895893772285
"109","Asia","Macao",22.1667,113.55,177135,284,0.00325998909658352,3483259,0.048,2,24.85,95.803,104861.851,4.4404,8.4938,649342,20546.766,14.71261177,78.76249412,2.518809729,0.2,0.89,12045,12.0846674327035,5.64897423816121,15.0634789077664,11.5603990580783,13.38371482145,9.93045883527729,9.39640491504897,8.15328403658758e-05,0.000437365825712798
"110","Africa","Madagascar",-18.766947,46.869107,23424,381,0.016265368852459,134665,0.172,0.2,1.81,50.54,1416.44,5.502,15.0213,27691019,43.951,40.36683998,56.58909589,3.044064128,77.6,0.528,291,10.061516416761,5.9427993751267,11.810545491961,7.25590196044899,17.1366186947589,3.78307537700089,5.67332326717149,0.00282924293617495,1.37589736224586e-05
"111","Africa","Malawi",-13.2543,34.3015,33458,1113,0.0332655867057206,214525,0.078,1.3,0.36,8.704,1095.042,9.6482,9.7755,19129955,197.519,43.46868847,53.88928735,2.642024179,71.4,0.483,871,10.4180461998912,7.01481435127554,12.2761815606753,6.99854799767941,16.7667659890875,5.28583478224566,6.7696419768525,0.00518820650273861,5.81810046076951e-05
"112","Asia","Malaysia",4.210484,101.975766,340642,1251,0.00367247726352006,7372592,0.028,1.9,15.36,94.576,26808.164,3.8594,8.9278,32365998,96.254,23.69497915,69.38424954,6.920771309,0.1,0.81,25832,12.7385873514111,7.13169851046691,15.8132798984001,10.1964617469753,17.2926189852657,4.56699053074592,10.1593693124381,0.000169682521425301,3.86516738955493e-05
"113","Asia","Maldives",3.2028,73.2207,23403,66,0.00282015126265863,621663,0.029,3.6,45.63,95.803,15183.616,9.03,21.7775,540542,1454.433,19.90967185,76.44932791,3.641000239,0.7,0.74,1484,10.0606194982564,4.18965474202643,13.3401534242512,9.6279722307512,13.2003276188704,7.28237141293478,7.30249642372733,0.000106166846024293,0.00012209967033089
"114","Africa","Mali",17.570692,-3.996166,9773,376,0.0384733449299089,440609,0.073,0.1,1.29,52.232,2014.306,3.794,5.7852,20250834,15.196,47.304697,50.20017519,2.495127818,38,0.434,14,9.18737876033884,5.92958914338989,12.9959131398326,7.60802999818222,16.8237065358539,2.72103223532538,2.63905732961526,0.000853364320746966,1.8567136543611e-05
"115","Europe","Malta",35.9375,14.3754,28808,385,0.0133643432379894,795647,0.047,4.485,28.6,97.164,36513.323,9.341,16.4762,441539,1454.037,14.32879475,64.8540325,20.81717275,0.2,0.895,2599,10.2684084053287,5.95324333428778,13.5869108991291,10.5054324866679,12.9980216303457,7.28209910481234,7.86288203464149,0.000483882927981881,0.000871950156158346
"116","Oceania","Marshall Islands",7.1315,171.1845,4,34,0.0153846153846154,233820,0.001,2.7,4.23,82.502,3819.202,16.4029,9.4874,59194,295.15,37.86409737,57.67335152,3.63080993,13.2,0.704,7,1.38629436111989,3.52636052461616,12.3623068675608,8.24779677925431,10.9885754643844,5.6874837016867,1.94591014905531,0.000145410999914464,0.000574382538770821
"117","Africa","Mauritania",21.0079,-10.9408,17756,448,0.0252309078621311,233820,0.024,1.4,1.87,15.95,3597.633,4.4032,6.0656,4649660,4.289,39.88891432,56.95484186,3.156243813,6,0.546,156,9.78447876595393,6.10479323241498,12.3623068675608,8.18803140819628,15.3523046566107,1.45605360553474,5.04985600724954,0.00191600376357882,9.63511310504424e-05
"118","Africa","Mauritius",-20.348404,57.552152,871,10,0.0114810562571757,1102728,0.043,3.4,25.33,44.6,20292.745,5.7187,9.9685,1271767,622.962,17.25970884,70.74156394,11.99872723,0.5,0.804,1399,6.7696419768525,2.30258509299405,13.9132976676435,9.91801871198859,14.0559178300028,6.43448552174258,7.24351297466548,9.06841941077038e-06,7.86307554764355e-06
"119","North America","Mexico",23.6345,-102.5528,2224904,201429,0.0905337938176209,5540712,0.233,1.38,23.83,87.847,17336.469,5.5165,11.0486,128932753,66.444,26.18511815,66.39822125,7.416660604,2.5,0.779,41313,14.6152243265842,12.2131922409563,15.5276335703211,9.76056759638048,18.674801531831,4.19635948762883,10.6289324993952,0.0363543530145584,0.00156227952411751
"120","Oceania","Micronesia (country)",7.4256,150.5508,1,34,0.0153846153846154,233820,0.001,2.61,1.94,35.89,3299.464,4.6849,9.155,115021,150.777,37.86409737,57.67335152,3.63080993,16,0.62,116,0,3.52636052461616,12.3623068675608,8.1015153100199,11.6528699993701,5.01580192404761,4.75359019110636,0.000145410999914464,0.000295598195112197
"121","Europe","Moldova",47.4116,28.3699,225660,4785,0.0212044668971018,764199,0.299,5.8,28.74,86.979,5189.972,6.9953,12.8232,4033963,123.655,15.88969107,72.09718982,12.01311911,0.2,0.75,1711,12.3267847206924,8.47324130388705,13.5465835054361,8.55448358115502,15.2102598254166,4.81749542986642,7.44483327389219,0.00626145807571065,0.00118617845528082
"122","Europe","Monaco",43.7333,7.4167,2254,28,0.0124223602484472,2342279,0.036,13.8,75.07,85.198,48472.545,1.7727,6.7499,39244,19347.5,16.40095872,64.51118404,19.60531972,0.2,0.944,347,7.72046169459972,3.3322045101752,14.6666349449941,10.7887528341662,10.5775538452833,9.87031849114461,5.84932477994686,1.19541694221739e-05,0.000713484863928244
"123","Asia","Mongolia",46.8625,103.8467,6693,5,0.000747049155834454,2145944,0.017,7,28.59,71.18,11840.846,4.0023,8.1525,3278292,1.98,30.79828114,65.01238541,4.189333452,0.5,0.737,529,8.80881748310064,1.6094379124341,14.5790901067717,9.37931035858808,15.0028331130252,0.683096844706444,6.2709884318583,2.32997692390855e-06,1.52518445580809e-06
"124","Europe","Montenegro",42.708678,19.37439,89732,1241,0.0138300717692685,2023997,0.283,3.861,27.56,86.979,16409.288,8.0956,11.986,628062,46.28,18.15021649,66.46061145,15.38917207,1,0.829,2077,11.4045827291332,7.12367278520461,14.520584827175,9.7056027949649,13.3503941666919,3.83470990232548,7.63867982387611,0.000613143201299211,0.00197591957481905
"125","Africa","Morocco",31.7917,-7.0926,494358,8798,0.0177968193090837,5411334,0.043,1.1,7.31,24.097,7485.013,5.2452,7.4892,36910558,80.08,26.96951716,65.73002807,7.300454771,1,0.686,12289,13.1110152300607,9.08227970190866,15.5040062008334,8.92065803365917,17.4240081927461,4.38302613500696,9.4164598322846,0.00162584678750194,0.000238359983612277
"126","Africa","Mozambique",-18.665695,35.529562,67011,762,0.0113712674038591,471022,0.114,0.7,0.84,12.227,1136.103,4.9412,4.6642,31255435,37.728,44.36800049,52.75355334,2.878446169,62.9,0.456,2743,11.1126120640017,6.63594655568665,13.0626600810372,7.03535926418499,17.2577038390244,3.63040252435496,7.9168074909376,0.00161775883079771,2.4379759872163e-05
"127","Asia","Myanmar",21.9162,95.956,142377,3206,0.0225176819289632,2251884,0.147,0.9,6.77,79.287,5591.597,4.6591,3.4939,54409794,81.721,25.91440126,68.07389414,6.0117046,6.4,0.583,3551,11.8662337480608,8.0727793331695,14.627277757146,8.62902021407777,17.8120547323862,4.40331100678106,8.17498453294309,0.00142369678011834,5.89232151843839e-05
"128","Africa","Namibia",-22.9576,18.4904,43499,508,0.0116784293891814,338019,0.124,2.1,4.18,44.6,9541.808,8.551,10.6523,2540916,3.078,36.90591013,59.48603545,3.608054423,13.4,0.646,1499,10.6804932283068,6.23048144757848,12.730857385903,9.1634382643058,14.7480352039046,1.12428003541669,7.3125534981026,0.00150287409879326,0.000199927900017159
"129","Asia","Nepal",28.1667,84.25,276750,3027,0.0109376693766938,2251884,0.036,0.3,7.49,47.782,2442.804,5.5533,4.5079,29136808,204.43,29.5703756,64.64705679,5.782567617,15,0.602,1173,12.5308698505709,8.01532730902172,14.627277757146,7.80090183881284,17.1875128125804,5.32022561859692,7.06731984865348,0.00134420778334941,0.000103889211199799
"130","Europe","Netherlands",52.1326,5.2913,1263882,16592,0.0131278078175019,7459247,0.076,3.32,36.05,97.164,48472.545,10.1008,15.3043,17134873,508.544,15.88349624,64.51118404,19.60531972,0.2,0.944,18780,14.0496984949008,9.71667593046931,15.8249650287475,10.7887528341662,16.656626301533,6.23155174075208,9.84054775276225,0.00222435320884266,0.000968317652544025
"131","Oceania","New Zealand",-40.9006,174.886,2482,26,0.0104754230459307,1875086,0.001,2.61,35.9,82.502,36085.843,9.1701,19.2881,4822233,18.206,19.56660408,64.43943975,15.99395617,13.2,0.931,3686,7.81681996576455,3.25809653802148,14.4441650830015,10.493655906741,15.388747656755,2.9017512100831,8.21229713822977,1.38660306780596e-05,5.3916930185663e-06
"132","North America","Nicaragua",12.865416,-85.207229,6629,177,0.0267008598581988,802126,0.132,0.9,9.78,84.169,5321.444,8.6455,18.6187,6624554,51.667,29.854853,64.68715463,5.457992374,3.2,0.66,1256,8.79920924224139,5.17614973257383,13.5950209817405,8.57949997407705,15.7062936068157,3.94481927984323,7.13568734702814,0.000220663586518826,2.67187798605008e-05
"133","Africa","Niger",17.607789,8.081666,4972,185,0.0372083668543846,267671,0.105,0.3,0.43,8.978,926,7.74,9.6507,24206636,16.955,49.84216915,47.56111943,2.596711426,44.5,0.394,157,8.5115774526306,5.22035582507832,12.4975138934199,6.83087423464618,17.0021373684129,2.8305627755776,5.05624580534831,0.000691146967732776,7.64253240309806e-06
"134","Africa","Nigeria",9.082,8.6753,162489,2041,0.0125608502729416,1727467,0.023,0.8,3.81,41.949,5338.454,3.7555,4.6014,206139587,209.588,43.6875302,53.56938646,2.743083338,36.8,0.539,5265,11.998365586153,7.62119516280984,14.3621667316919,8.58269137692862,19.1440641040781,5.34514369889954,8.56883642456808,0.00118149869143665,9.90105796612467e-06
"135","Europe","North Macedonia",41.6086,21.7453,126230,3642,0.0288520953814466,603068,0.283,4.28,28.74,87.202,13111.214,6.0621,12.8232,2083380,82.6,16.39360314,69.52097449,14.08542237,5,0.774,707,11.7458609187469,8.20028826028755,13.3097852388372,9.48122317353842,14.5495021327936,4.41400968052693,6.56103066589657,0.00603911996657093,0.00174812084209314
"136","Europe","Norway",60.472,8.4689,92469,656,0.00709426943083628,4469829,0.035,3.6,29.16,97.164,64800.057,10.4463,17.8774,5421242,14.462,17.41297454,65.31435954,17.27266592,0.2,0.957,5688,11.4346287321951,6.48616078894409,15.3128607108245,11.0790617619696,15.5058354984562,2.67152451975276,8.64611397148308,0.000146761766501582,0.000121005481769676
"137","Asia","Oman",21.512583,55.923255,153838,1650,0.0107255684551281,8979084,0.015,1.6,20.03,97.4,37960.709,3.8491,7.5657,5106622,14.98,22.41839475,75.13301545,2.448589805,0.2,0.813,2301,11.9436553796581,7.40853056689463,16.0104084306212,10.5443069301048,15.4460486868341,2.70671597808907,7.74109909003537,0.00018376039248547,0.000323109875765232
"138","Asia","Pakistan",30.3753,69.3451,654591,14215,0.0217158500498785,9976791,0.092,0.6,9.8,59.607,5034.708,2.8986,4.303,220892331,255.573,35.05437791,60.62321438,4.322407709,4,0.557,966,13.3917658921004,9.5620530240851,16.1157720534954,8.52411080942924,19.2131859507211,5.54350808312092,6.87316383421252,0.00142480683418145,6.43526189236511e-05
"139","Asia","Palestine",31.9522,35.2332,234748,2557,0.0108925315657641,2251884,0.216,4.5,21.03,66.229,4449.898,6.1859,6.0787,5101416,778.202,31.09919594,64.18303487,4.595215725,1,0.708,1173,12.3662678773324,7.84658997529119,14.627277757146,8.40063645354927,15.4450287062166,6.65698613058056,7.06731984865348,0.00113549365775502,0.000501233383045021
"140","North America","Panama",8.538,-80.7821,353497,6090,0.0172278689776717,2091666,0.054,2.3,15.69,87.202,22267.037,7.3195,20.0809,4314768,55.133,26.77912011,64.90704329,8.313836605,2.2,0.815,1785,12.7756302777198,8.71440336070394,14.5534714355889,10.0108627024548,15.2775541151214,4.00974844795399,7.48717369421374,0.00291155471284612,0.0014114316227431
"141","Oceania","Papua New Guinea",-6.314993,143.95555,4660,39,0.00836909871244635,1218744,0.001,2.61,0.7,35.89,3823.194,2.4693,9.155,8947027,18.22,35.48596536,61.00460922,3.509425418,13.2,0.555,140,8.44677072711969,3.66356164612965,14.0133313782052,8.24884147789674,16.0068318562965,2.90251989183181,4.9416424226093,3.20001575392371e-05,4.35898986333673e-06
"142","South America","Paraguay",-23.4425,-58.4438,206597,4003,0.019375886387508,864285,0.353,1.3,13.54,79.602,8827.01,6.6546,10.4787,7132530,17.144,29.17933588,64.19983942,6.620824696,1.7,0.728,1181,12.2385253147491,8.29479935899257,13.6696578545051,9.08557161790732,15.7801765681598,2.84164825817128,7.07411681619736,0.00463157407568105,0.00056123142839918
"143","South America","Peru",-9.19,-75.0152,1520973,51238,0.0336876460002906,4395068,0.211,1.6,13.05,67.779,12236.706,4.9952,14.8979,32971846,25.129,25.25449584,66.3520253,8.39347886,3.5,0.777,4419,14.2348608196046,10.8442367232427,15.2959935611091,9.41219540220061,17.3111646037747,3.22402255768773,8.39366870513074,0.0116580676339934,0.00155399245768648
"144","Asia","Philippines",12.879721,121.774017,712442,13159,0.0184702754750562,9296338,0.147,1,6,78.463,7599.188,4.4464,7.126,109581085,351.873,30.47588107,64.20912271,5.31499622,1.8,0.718,7168,13.4764537843027,9.48486121415014,16.0451311171374,8.93579667846113,18.5121753354674,5.86327031504121,8.87738195465477,0.00141550361013122,0.000120084593066404
"145","Europe","Poland",51.9194,19.1451,2221725,51753,0.0232940620463829,11503034,0.198,6.62,23.79,97.164,27216.445,6.542,10.9431,37846605,124.027,15.18538648,66.69771627,18.11689725,0.7,0.88,19622,14.6137944791463,10.8542376804619,16.2581213846245,10.211576665178,17.4490518376557,4.82049928383819,9.88440666472334,0.00449907389650417,0.00136744101617569
"146","Europe","Portugal",39.3999,-8.2245,820042,16827,0.0205196806992813,8920337,0.014,3.39,51.24,97.164,27936.896,8.9696,13.0133,10196707,112.371,13.25208506,64.39122422,22.35669072,0.5,0.864,16186,13.617110837441,9.73074001817645,16.0038442841116,10.2377035314354,16.1375753829922,4.72180589705259,9.69190195005565,0.00188636371024996,0.00165023865057611
"147","Asia","Qatar",25.3548,51.1839,177135,284,0.00160329692042792,1694463,0.081,1.2,24.85,94.576,116935.6,2.6074,6.293,2881060,227.322,13.5959001,84.88093679,1.523163117,0.2,0.848,1819,12.0846674327035,5.64897423816121,14.3428764344412,11.6693786348887,14.8736688399519,5.4263675145602,7.50604217851812,0.000167604721967963,9.85748300972559e-05
"148","Europe","Romania",45.9432,24.9668,932179,22997,0.0246701545518618,6549158,0.235,6.892,29.81,97.164,23313.199,5.1579,12.0533,19237682,85.129,15.57395813,65.63597608,18.79006579,5.7,0.828,11720,13.7452801353124,10.0431190516213,15.6948470497299,10.0567749598509,16.7723815177733,4.44416775308669,9.369052063131,0.00351144376116747,0.00119541429159709
"149","Europe","Russia",61.52401,105.318756,4460348,95792,0.0214763511725991,118843545,0.03,8.05,31.91,97.164,24765.954,6.542,10.2267,145934460,8.823,15.18538648,65.63597608,19.69445761,0.1,0.824,17552,15.3107373478581,11.4699344531651,18.5933184381373,10.1172251663882,18.7986681747754,2.17736194823997,9.77292318251501,0.000806034522110561,0.000656404251607194
"150","Africa","Rwanda",-1.9403,29.8739,21370,301,0.01408516612073,1102728,0.031,0.8,1.34,4.617,1854.211,6.5716,8.8828,12952209,494.869,39.76603218,57.20571476,3.028253062,56,0.543,932,9.96974334831319,5.70711026474888,13.9132976676435,7.5252145476329,16.3767769107134,6.20429308107899,6.83733281468559,0.000272959424264188,2.32392791067531e-05
"151","Africa","Saint Helena",-7.9467,-14.3559,10079,108,0.0124223602484472,186726,0.04,2.397,33.33,70.598,1569.888,7.3844,3.365,6071,143.366,41.56805305,55.05514182,2.947736623,49.6,0.48,142,9.21820933035488,4.68213122712422,12.1373975806802,7.35875955821809,8.71127861513043,4.96540080102939,4.95582705760126,0.000578387583946531,0.0177894910228957
"152","North America","Saint Kitts and Nevis",17.357822,-62.782998,44,188,0.0178526527533317,649297,0.089,2.3,26.76,87.202,24654.385,5.0368,8.1529,53192,212.865,21.0786358,68.62061129,9.880435323,2.2,0.779,125,3.78418963391826,5.23644196282995,13.3836455181255,10.1127100541167,10.8816632880823,5.36065816195461,4.8283137373023,0.000289543922118845,0.00353436607008573
"153","North America","Saint Lucia",13.9094,-60.9789,4191,58,0.0138391791935099,802126,0.132,1.3,6.41,87.202,12951.839,4.5459,8.9358,183629,293.187,23.5312194,66.71857852,9.677419355,2.2,0.759,395,8.34069464792507,4.06044301054642,13.5950209817405,9.46899306476755,12.1206726967651,5.68081063069392,5.97888576490112,7.23078419101238e-05,0.000315854249601098
"154","North America","Saint Vincent and the Grenadines",12.9843,-61.2872,1723,10,0.00580383052814858,802126,0.132,2.6,13.06,87.202,10727.146,5.8769,8.9967,110947,281.787,26.85844526,65.42821497,8.469582569,2.2,0.738,80,7.45182223652793,2.30258509299405,13.5950209817405,9.28053281702033,11.6168078887883,5.64115146639195,4.38202663467388,1.24668692948489e-05,9.01331266280296e-05
"155","Oceania","Samoa",-13.759,-172.1046,3,39,0.0104754230459307,864692,0,2.61,3.45,35.89,6021.557,5.4828,11.5777,198410,69.413,37.86409737,57.20279862,4.933104005,13.2,0.715,164,1.09861228866811,3.66356164612965,13.6701286531421,8.70310114273561,12.1980908757885,4.24007416985531,5.0998664278242,4.51027649151374e-05,0.000196562673252356
"156","Europe","San Marino",43.9424,12.4578,4603,84,0.0182489680643059,4870430,0.035,3.8,61.09,97.164,56861.47,7.3641,12.1587,33938,556.667,16.40095872,65.16070802,18.83799606,0.2,0.949,84,8.43446354381724,4.43081679884331,15.3986927868488,10.948373237843,10.4322906095328,6.32196721554491,4.43081679884331,1.72469371287545e-05,0.00247510165596087
"157","Africa","Sao Tome and Principe",0.1864,6.6131,2210,34,0.0153846153846154,267671,0.073,2.9,0.53,41.34,3052.714,6.23,10.7623,219161,212.841,42.14669667,54.89314411,2.960159214,32.3,0.625,33,7.7007477945118,3.52636052461616,12.4975138934199,8.02378630999762,12.2975618985184,5.3605454080821,3.49650756146648,0.000127021604880618,0.00015513709099703
"158","Asia","Saudi Arabia",23.885942,45.079162,387794,6643,0.0171302289359815,14812806,0.009,2.7,26.12,94.576,49045.411,5.8356,10.0643,34813867,15.322,24.86598199,71.72113141,3.4128866,0.2,0.854,15334,12.8682295497783,8.80131894766524,16.5110026348741,10.8005019030224,17.3655263423853,2.72928970409463,9.63782786411884,0.000448463309382436,0.000190814769298682
"159","Africa","Senegal",14.4974,-14.4524,38456,1034,0.0268878718535469,440609,0.073,0.4,0.69,20.859,2470.58,4.1341,3.8881,16743930,82.328,42.83986907,54.06165449,3.098476445,38,0.512,1365,10.5572700095738,6.94119005506837,12.9959131398326,7.8122082198704,16.6335463624972,4.41071126853379,7.21890970761906,0.00234675188205416,6.17537220951115e-05
"160","Europe","Serbia",44.0165,21.0059,581617,5151,0.00885634360756305,3330762,0.311,5.609,31.13,97.719,14048.881,8.434,11.918,6804596,80.291,15.54094253,65.71855405,18.74050342,1.1,0.806,1711,13.2735674344854,8.54694614956558,15.0187116646081,9.55029802746202,15.7331088241937,4.3856575349702,7.44483327389219,0.00154649296467295,0.000756988364922767
"161","Africa","Seychelles",-4.6796,55.492,3996,20,0.005005005005005,338019,0.046,3.6,21.21,44.6,26382.287,5.0067,10.1392,98340,208.354,23.73873275,68.45578531,7.805481947,1.1,0.796,362,8.29304913976844,2.99573227355399,12.730857385903,10.1804481169791,11.4961861409659,5.3392385561483,5.89164421182577,5.9168271606034e-05,0.000203376042302217
"162","Africa","Sierra Leone",8.460555,-11.779889,3962,79,0.0199394245330641,267671,0.078,0.7,0.25,19.275,1390.3,13.4209,7.9108,7976985,104.7,40.72431131,56.32795207,2.947736623,52.2,0.452,57,8.2845042272585,4.36944785246702,12.4975138934199,7.2372748301755,15.8920710784853,4.65109911787649,4.04305126783455,0.000295138434869672,9.9034911059755e-06
"163","Asia","Singapore",1.2833,103.8333,60288,30,0.000497611464968153,8307697,0,2.4,22.94,95.803,85535.383,4.4404,12.5689,5850343,7915.731,12.33150315,75.27536737,12.39312948,0.2,0.938,14673,11.006888357936,3.40119738166216,15.9326929924416,11.3566854055756,15.5820108499679,8.97660732433607,9.59376434920747,3.61110907150321e-06,5.12790446645607e-06
"164","Europe","Slovakia",48.669,19.699,356985,9426,0.026404470776083,23335884,0.01,5.82,34.16,97.164,30155.152,6.7425,13.2689,5459643,113.128,15.13545128,64.70613601,20.15841271,0.7,0.86,2256,12.7854490430723,9.15122710748368,16.9655028196569,10.3141110664958,15.512893960968,4.72851992100547,7.72134861261795,0.00040392727355004,0.00172648651203018
"165","Europe","Slovenia",46.1512,14.9955,212040,4011,0.0189162422184493,2500123,0.029,4.5,30.86,97.164,31400.84,8.187,13.6175,2078932,102.619,15.10564048,64.70807551,20.18628401,0.5,0.917,4425,12.2645302151017,8.29679586577005,14.7318504886281,10.3545899231309,14.5473648582725,4.63102310077719,8.39502555744203,0.00160432106740348,0.00192935603473322
"166","Oceania","Solomon Islands",-9.6457,160.1562,18,39,0.0104754230459307,423635,0.001,1.4,1.94,35.89,2205.923,4.6849,7.1658,686878,21.841,40.13119884,56.23799123,3.63080993,25.1,0.567,28,2.89037175789616,3.66356164612965,12.9566275144142,7.69890129439918,13.4399119717374,3.08378893737427,3.3322045101752,9.20603821686121e-05,5.67786419131199e-05
"167","Africa","Somalia",5.152149,46.199616,10838,488,0.0450267577043735,2843469,0.046,0.9,0.23,9.831,1998.926,4.1231,4.6784,15893219,23.5,46.37950567,50.73129052,2.889203812,38,0.477,99,9.29081375612606,6.19031540585315,14.8605353436122,7.60036531530594,16.5814030982354,3.15700042115011,4.59511985013459,0.000171621354057315,3.07049188713753e-05
"168","Africa","South Africa",-30.5595,22.9375,1544466,52648,0.0340881573307538,9722821,0.046,2.32,9.05,43.993,12294.876,8.1131,13.3386,59308690,46.754,28.96832505,65.61641934,5.415255608,18.9,0.709,10472,14.2501887775018,10.871383530136,16.0899863606666,9.41693786919886,17.8982663962333,3.84489981357185,9.25646030758974,0.00541488936184262,0.000887694535151594
"169","Asia","South Korea",35.907757,127.766922,101757,1722,0.0169226687107521,7451994,0.011,12.27,20.03,94.576,35938.374,4.2163,9.689,51269183,527.967,23.69497915,66.9828933,8.726283826,0.2,0.916,25832,11.5303428970073,7.45124168498768,15.8239922055503,10.489560917244,17.7526004083881,6.26903378175305,10.1593693124381,0.000231079091045967,3.35874281437252e-05
"170","Africa","South Sudan",6.877,31.307,10079,108,0.0107153487449152,128368,0.066,1.1,1.02,7.876,1569.888,9.761,2.1062,11193729,104.7,41.56805305,55.05514182,3.376805137,49.2,0.433,295,9.21820933035488,4.68213122712422,11.7626564179934,7.35875955821809,16.2308642687425,4.65109911787649,5.68697535633982,0.000841331172877976,9.64825930661712e-06
"171","Europe","Spain",40.463667,-3.74922,3255324,75010,0.0230422532442239,35523503,0.048,2.97,38.72,97.164,34272.36,8.8731,15.2847,46754783,93.105,14.57687197,65.77530508,19.64782295,1,0.904,82773,14.9958023678416,11.2253767169637,17.3857050917211,10.442094477394,17.6604271186261,4.53372788853373,11.3238572002389,0.00211155977494674,0.00160432783957098
"172","Asia","Sri Lanka",7.873054,80.771797,91839,558,0.00607585012903015,2351595,0.03,3.6,10.04,83.241,11669.077,3.8114,8.4724,21413250,341.955,23.95646203,65.20473221,10.83880576,0.7,0.782,2334,11.4277923229924,6.32435896238131,14.670604379296,9.3646976304646,16.8795204472708,5.83467914945797,7.7553388128465,0.000237285757113789,2.60586319218241e-05
"173","Africa","Sudan",12.8628,30.2176,31407,2028,0.0645715923201834,979476,0.043,0.8,2.62,23.437,4466.507,6.3418,8.2841,43849269,23.258,40.15570605,56.21697663,3.627317326,28.2,0.51,836,10.3547860769875,7.61480536471107,13.7947730137695,8.40436195036332,17.596268606176,3.14664915887085,6.7286286130847,0.00207049483601436,4.62493456846453e-05
"174","South America","Suriname",3.9193,-56.0278,9095,177,0.0194612424409016,1276551,0.211,3.1,12.1,67.779,13767.119,6.2298,11.7768,586634,3.612,26.91185678,66.07301349,7.015129728,3.5,0.738,278,9.11548009095222,5.17614973257383,14.0596724678621,9.53003834688409,13.2821563949778,1.28426163555474,5.62762111369064,0.000138654859852838,0.000301721345847666
"175","Europe","Sweden",60.128161,18.643501,780018,13402,0.0171816547823255,10770769,0.102,2.22,39.84,97.164,46949.283,11.0187,18.6949,10099270,24.718,17.62549023,62.17594015,20.19856962,0.5,0.945,7440,13.5670722753226,9.50315922853312,16.1923464486263,10.7568232129543,16.1279737019716,3.20753172316754,8.91462612782714,0.00124429369899215,0.00132702660687357
"176","Europe","Switzerland",46.8182,8.2275,592217,10299,0.017390584870073,4870430,0.052,4.53,42.96,97.164,57410.166,12.3463,11.0236,8654618,214.243,14.9406759,66.22132804,18.83799606,0.2,0.955,10362,13.2916284007557,9.2398020821258,15.3986927868488,10.9579766746398,15.973603609281,5.36711088483213,9.24590054737473,0.00211459768439337,0.00119000052919724
"177","Asia","Syria",34.802075,38.996815,18356,1227,0.0668446284593593,1694463,0.04,1.5,24.85,70.598,56054.92,5.2914,8.9203,17500657,232.128,21.56983829,75.66632272,2.518809729,0.2,0.567,12045,9.81771177551472,7.11232744471091,14.3428764344412,10.9340872034169,16.6777489810462,5.44728894366044,9.39640491504897,0.000724123217798205,7.01116535224935e-05
"178","Asia","Taiwan",23.7,121,1020,10,0.00980392156862745,186726,0.004,2.4,24.85,85.198,56054.92,5.2914,8.9203,23816775,232.128,21.56983829,75.66632272,2.518809729,0.2,0.838,12045,6.92755790627832,2.30258509299405,12.1373975806802,10.9340872034169,16.9859007222971,5.44728894366044,9.39640491504897,5.35544059209751e-05,4.19872127943435e-07
"179","Asia","Tajikistan",38.861,71.2761,13308,90,0.00676284941388638,2145944,0.186,4.8,21.03,72.704,2896.913,7.2288,5.8841,9537642,64.281,37.07107958,59.84295921,3.085961212,4.8,0.668,1035,9.49612063713837,4.49980967033027,14.5790901067717,7.97140096625179,16.0707568430617,4.1632640976867,6.94215670569947,4.19395846303538e-05,9.43629463131453e-06
"180","Africa","Tanzania",-6.369028,34.888822,509,21,0.0412573673870334,471022,0.114,0.7,1.68,47.953,2683.304,4.8025,5.1353,59734213,64.699,43.84380657,53.53565232,2.620541103,49.1,0.529,1364,6.23244801655052,3.04452243772342,13.0626600810372,7.89480415000773,17.9054154962911,4.16974574543687,7.21817683840341,4.45839047857637e-05,3.51557322769114e-07
"181","Asia","Thailand",15.870032,100.992541,28657,93,0.00324528038524619,3112999,0.01,2.1,8.05,90.67,16277.671,3.746,15.0278,69799978,135.132,16.82353621,70.77021345,12.40625033,0.1,0.777,38178,10.2631530203974,4.53259949315326,14.9510971281902,9.69754957035456,18.0611442525463,4.90625207850289,10.5500147124608,2.987472851742e-05,1.33237864344313e-06
"182","Asia","Timor",-8.874217,125.727539,480,3450,0.0111177342634759,2145944,0.186,5.9,23.74,28.178,6570.102,7.6017,9.519,1318442,87.176,25.34019489,66.60697097,6.092974373,30.3,0.606,4150,6.17378610390194,8.14612951002541,14.5790901067717,8.7902846364723,14.091961294426,4.46792906367458,8.33086361322474,0.0016076840774969,0.00261672489195581
"183","Africa","Togo",8.6195,0.8248,9676,107,0.0110582885489872,267671,0.105,0.7,0.77,10.475,1429.813,6.1995,5.0529,8278737,143.366,40.9983537,56.11429871,2.887347591,49.2,0.515,573,9.17740387172992,4.67282883446191,12.4975138934199,7.26529894547214,15.9292009784947,4.96540080102939,6.35088571671474,0.000399744462418417,1.29246767955064e-05
"184","North America","Trinidad and Tobago",10.6918,-61.2225,7954,142,0.0178526527533317,107309,0.027,3,41.68,89.443,28763.071,6.9787,11.2112,1399491,266.886,20.26118068,68.62061129,11.11820802,1.6,0.796,375,8.98143022576764,4.95582705760126,11.5834678020817,10.2668475863847,14.1516191570488,5.58682160093205,5.92692602597041,0.00132328136502996,0.000101465461371313
"185","Africa","Tunisia",33.886917,9.537499,249703,8705,0.0348614153614494,1218744,0.043,2.3,13.03,78.687,10849.297,7.2325,13.6278,11818618,74.228,24.22609727,67.18043418,8.593468556,2,0.74,8299,12.428027490613,9.07165285220229,14.0133313782052,9.29185556424274,16.2851866426327,4.30714143748209,9.02389030459845,0.00714259926612972,0.000736549738725797
"186","Asia","Turkey",38.9637,35.2433,3179115,30923,0.00972692085690515,37212928,0.119,2.81,18.49,94.576,25129.341,4.2163,9.689,84339067,104.914,24.29082287,66.9828933,8.726283826,0.2,0.82,45768,14.9721134141364,10.3392555225743,17.4321667857516,10.1317914065567,18.2503557438549,4.65314096693571,10.7313404359484,0.000830974654829633,0.000366650961410327
"187","North America","Turks and Caicos Islands",21.694,-71.7979,11809,414,0.0211400528501321,2843469,0.04,2.5,23.11,85.198,9673.367,5.8769,13.3156,38718,37.312,26.85844526,65.42821497,8.469582569,3.2,0.738,489,9.37661723160128,6.02586597382531,14.8605353436122,9.17713171812239,10.5640598871639,3.61931499072803,6.19236248947487,0.000145596804466657,0.0106927010692701
"188","Africa","Uganda",1.373333,32.290275,40767,335,0.0082174307650796,924770,0.007,0.5,1.68,21.222,1697.707,6.2654,5.1353,45741000,213.759,46.50001534,51.53743447,1.962550187,41.6,0.544,1402,10.6156282095886,5.81413053182507,13.7373003369277,7.43703379603363,17.6385056090222,5.36484921219363,7.24565506759454,0.000362252235691037,7.32384512800332e-06
"189","Europe","Ukraine",48.3794,31.1656,1694459,33363,0.0196894702084854,7889544,0.299,8.8,29.92,86.979,7894.393,6.9953,7.4239,43733759,77.39,15.93971837,67.35529124,16.70499039,0.1,0.779,14104,14.3428740738085,10.415202780487,15.8810488964751,8.97390803963014,17.5936308789905,4.34885757328237,9.55421372407771,0.00422876151017093,0.000762866050457725
"190","Asia","United Arab Emirates",23.424076,53.847818,453069,1477,0.00325998909658352,36247630,0.009,1.2,25.28,94.576,67293.483,3.3343,7.8905,9890400,112.442,14.71261177,84.13083877,1.156549456,0.2,0.89,21286,13.0237997107468,7.29776828253138,17.4058845578173,11.1168186758771,16.1070751476749,4.72243753314446,9.96580485860099,4.07474916291079e-05,0.000149336730567014
"191","Europe","United Kingdom",55.3781,-3.436,4343066,126813,0.0291989576027627,116704955,0.004,2.54,28.12,97.164,39753.244,9.6317,18.7396,67886004,272.898,17.69570052,63.79560384,18.50869564,0.2,0.932,36316,15.28409110827,11.7504688393894,18.5751595556528,10.5904467268155,18.0333404446251,5.60909809899561,10.5000136944916,0.00108661196090603,0.00186802864401917
"192","North America","United States",40,-100,30218683,548828,0.0181618768759711,363513517,0.069,2.77,23.83,87.847,54225.446,5.7589,11.2112,331002647,35.608,18.54931712,65.24107673,16.20960614,1.2,0.926,79746,17.2239709334489,13.2155403745005,19.7113270399411,10.9009055606497,19.6176369302882,3.57257033171355,11.2866018626494,0.00150978704871654,0.00165807737483139
"193","South America","Uruguay",-32.5228,-55.7658,95278,901,0.00945653771069922,1276551,0.142,2.8,50.79,77.159,20551.409,9.2962,19.7755,3473727,19.751,20.45807101,64.60068856,14.94124043,0.1,0.817,3469,11.4645542130448,6.80350525760834,14.0596724678621,9.93068478205083,15.0607386389302,2.98320412297672,8.15162164696975,0.000705808071906254,0.000259375592843076
"194","Asia","Uzbekistan",41.377491,64.585262,82146,625,0.0076084045479999,2251884,0.036,4,23.74,49.839,6253.104,6.4144,10.1703,33469199,76.134,28.79781331,66.60697097,4.595215725,15,0.72,5346,11.3162534308618,6.4377516497364,14.627277757146,8.74083325944562,17.3261361410218,4.33249494564283,8.58410389669886,0.000277545379779776,1.86738858016889e-05
"195","Oceania","Vanuatu",-15.3767,166.9592,3,39,0.0104754230459307,440609,0.001,2.61,1.65,25.209,2921.909,3.3169,5.3016,307150,22.662,38.71055949,57.67335152,3.616088995,13.2,0.609,116,1.09861228866811,3.66356164612965,12.9959131398326,7.97999244877299,12.6350915065921,3.12068951295837,4.75359019110636,8.85138524179034e-05,0.000126973791307179
"196","Europe","Vatican",41.9029,12.4534,27,56,0.0124223602484472,186726,0.04,2.397,33.33,85.198,48472.545,9.761,15.3043,809,508.544,16.40095872,64.51118404,19.60531972,0.2,0.944,12749,3.29583686600433,4.02535169073515,12.1373975806802,10.7887528341662,6.69579891705849,6.23155174075208,9.45320811613812,0.000299904673157461,0.069221260815822
"197","South America","Venezuela",6.4238,-66.5897,155663,1555,0.00998952866127468,7106703,0.16,0.8,21.85,67.779,16745.022,7.2263,16.0513,28435943,36.253,24.59552588,66.07301349,8.765830007,1.3,0.711,3904,11.9554486931017,7.34923082461333,15.7765489811511,9.72585629905246,17.1631645015282,3.59052213649707,8.26975694753298,0.000218807511725198,5.468431273758e-05
"198","Asia","Vietnam",14.058324,108.277199,2586,35,0.0135344160866203,2482302,0.147,2.6,6.77,85.847,6171.884,5.5533,6.0787,97338583,308.127,23.21382761,69.23249944,7.553672942,2,0.704,5346,7.8578675593318,3.55534806148941,14.7246969134124,8.72775941875037,18.3937060050415,5.7305120356481,8.58410389669886,1.40998154132736e-05,3.59569647731568e-07
"199","Asia","Yemen",15.552727,48.516388,3969,832,0.209624590576972,2251884,0.186,0.7,5.25,49.542,1479.147,4.2346,2.2287,29825968,53.508,31.09919594,64.18303487,4.595215725,18.8,0.47,367,8.28626945278307,6.72383244082121,14.627277757146,7.29922084925252,17.2108899814149,3.97983117543334,5.90536184805457,0.000369468409562837,2.78951549870904e-05
"200","Africa","Zambia",-13.133897,27.849332,87583,1198,0.0136784535811744,1218744,0.037,2,11.87,13.938,3689.251,4.4703,6.8567,18383956,22.995,44.4625086,53.42217666,2.115314738,57.5,0.584,1072,11.3803421941647,7.08840877867539,14.0133313782052,8.21317873540132,16.7269888856823,3.13527680099189,6.97728134163075,0.000982979198256566,6.51655171498452e-05
"201","Africa","Zimbabwe",-19.015438,29.154857,36818,1519,0.0412569938616981,423635,0.014,1.7,2.1,36.791,1899.775,6.6359,15.2343,14862927,42.729,42.15812701,54.86126493,2.980608063,21.4,0.571,2580,10.5137421350065,7.32580750259577,12.9566275144142,7.54949073708957,16.5143805495937,3.75487784662056,7.85554467791566,0.00358563385933646,0.000102200596154445
